Startup Idea,Outcome
A platform that connects pet owners with pet sitters for short-term and long-term care needs.,Success
A virtual reality platform for remote team building and collaborative work environments.,Success
A virtual reality platform for remote team building and collaborative work environments.,Failure
A platform for virtual concerts and live music events with interactive audience features.,Failure
A virtual reality platform for remote team building and collaborative work environments.,Success
"A cloud-based software for small businesses to manage their inventory, sales, and customer relationships.",Success
"A delivery service that specializes in bringing fresh, local produce directly from farmers to consumers.",Success
A mobile app that offers on-demand home cleaning services with eco-friendly products and vetted professionals.,Failure
An online platform that offers coding bootcamps and tech courses with job placement support.,Failure
"A delivery service that specializes in bringing fresh, local produce directly from farmers to consumers.",Failure
An app that delivers personalized workout plans and tracks progress with AI-driven insights and recommendations.,Failure
A virtual reality platform for remote team building and collaborative work environments.,Failure
"A cloud-based software for small businesses to manage their inventory, sales, and customer relationships.",Failure
A platform for virtual concerts and live music events with interactive audience features.,Failure
A telehealth service providing remote mental health counseling and therapy sessions with licensed professionals.,Failure
A virtual reality platform for remote team building and collaborative work environments.,Failure
An AI-driven tool for content creators to optimize their social media posts for engagement and reach.,Success
"A digital marketplace for buying, selling, and renting vintage and second-hand fashion items.",Failure
An app that connects freelance graphic designers with clients needing custom artwork and branding services.,Success
An AI-powered financial advisor that helps users manage their personal finances and investments.,Success
"A meal kit delivery service that provides all ingredients and recipes for healthy, quick-to-make meals.",Failure
A platform that connects pet owners with pet sitters for short-term and long-term care needs.,Failure
"A marketplace for handmade, sustainable, and ethically sourced fashion and accessories.",Success
"A marketplace for handmade, sustainable, and ethically sourced fashion and accessories.",Success
A telehealth service providing remote mental health counseling and therapy sessions with licensed professionals.,Success
A platform for virtual concerts and live music events with interactive audience features.,Failure
A telehealth service providing remote mental health counseling and therapy sessions with licensed professionals.,Success
A platform for booking unique travel experiences hosted by locals in various destinations around the world.,Success
"A delivery service that specializes in bringing fresh, local produce directly from farmers to consumers.",Failure
An app that connects freelance graphic designers with clients needing custom artwork and branding services.,Success
An app that delivers personalized workout plans and tracks progress with AI-driven insights and recommendations.,Success
A virtual reality platform for remote team building and collaborative work environments.,Success
An online platform that offers coding bootcamps and tech courses with job placement support.,Success
An AI-driven tool for content creators to optimize their social media posts for engagement and reach.,Success
An AI-powered financial advisor that helps users manage their personal finances and investments.,Failure
"A marketplace for handmade, sustainable, and ethically sourced fashion and accessories.",Failure
"A marketplace for handmade, sustainable, and ethically sourced fashion and accessories.",Success
"A cloud-based software for small businesses to manage their inventory, sales, and customer relationships.",Failure
"A renewable energy startup focused on developing affordable, high-efficiency solar panels.",Success
"A subscription service that sends monthly boxes of gourmet, organic snacks from around the world.",Success
"A cloud-based software for small businesses to manage their inventory, sales, and customer relationships.",Failure
"A delivery service that specializes in bringing fresh, local produce directly from farmers to consumers.",Failure
"A meal kit delivery service that provides all ingredients and recipes for healthy, quick-to-make meals.",Success
A telehealth service providing remote mental health counseling and therapy sessions with licensed professionals.,Failure
"A marketplace for handmade, sustainable, and ethically sourced fashion and accessories.",Failure
"A cloud-based software for small businesses to manage their inventory, sales, and customer relationships.",Failure
"A subscription service that sends monthly boxes of gourmet, organic snacks from around the world.",Failure
A virtual reality platform for remote team building and collaborative work environments.,Success
An app that connects freelance graphic designers with clients needing custom artwork and branding services.,Success
An AI-driven tool for content creators to optimize their social media posts for engagement and reach.,Failure
An AI-powered financial advisor that helps users manage their personal finances and investments.,Success
"A renewable energy startup focused on developing affordable, high-efficiency solar panels.",Failure
A platform for booking unique travel experiences hosted by locals in various destinations around the world.,Success
"A meal kit delivery service that provides all ingredients and recipes for healthy, quick-to-make meals.",Success
An app that delivers personalized workout plans and tracks progress with AI-driven insights and recommendations.,Success
"A cloud-based software for small businesses to manage their inventory, sales, and customer relationships.",Success
"A meal kit delivery service that provides all ingredients and recipes for healthy, quick-to-make meals.",Success
A smart home device that monitors air quality and adjusts settings to optimize health and comfort.,Success
"A marketplace for handmade, sustainable, and ethically sourced fashion and accessories.",Success
A virtual reality platform for remote team building and collaborative work environments.,Failure
"A renewable energy startup focused on developing affordable, high-efficiency solar panels.",Failure
A platform for booking unique travel experiences hosted by locals in various destinations around the world.,Failure
A mobile app that offers on-demand home cleaning services with eco-friendly products and vetted professionals.,Success
"A cloud-based software for small businesses to manage their inventory, sales, and customer relationships.",Failure
A virtual reality platform for remote team building and collaborative work environments.,Success
"A delivery service that specializes in bringing fresh, local produce directly from farmers to consumers.",Success
A mobile app that offers on-demand home cleaning services with eco-friendly products and vetted professionals.,Failure
A platform that connects pet owners with pet sitters for short-term and long-term care needs.,Failure
An AI-powered financial advisor that helps users manage their personal finances and investments.,Failure
A smart home device that monitors air quality and adjusts settings to optimize health and comfort.,Failure
An AI-powered financial advisor that helps users manage their personal finances and investments.,Success
An app that connects freelance graphic designers with clients needing custom artwork and branding services.,Success
"A renewable energy startup focused on developing affordable, high-efficiency solar panels.",Failure
A platform for virtual concerts and live music events with interactive audience features.,Failure
A platform for virtual concerts and live music events with interactive audience features.,Success
An app that delivers personalized workout plans and tracks progress with AI-driven insights and recommendations.,Failure
"An app that helps users learn new languages through immersive, real-life conversation practice.",Success
A platform for virtual concerts and live music events with interactive audience features.,Failure
"A digital marketplace for buying, selling, and renting vintage and second-hand fashion items.",Success
A platform that connects pet owners with pet sitters for short-term and long-term care needs.,Failure
An app that connects freelance graphic designers with clients needing custom artwork and branding services.,Success
A platform for virtual concerts and live music events with interactive audience features.,Success
A virtual reality platform for remote team building and collaborative work environments.,Success
"A delivery service that specializes in bringing fresh, local produce directly from farmers to consumers.",Success
"A digital marketplace for buying, selling, and renting vintage and second-hand fashion items.",Failure
"A marketplace for handmade, sustainable, and ethically sourced fashion and accessories.",Success
A platform that connects pet owners with pet sitters for short-term and long-term care needs.,Success
"A marketplace for handmade, sustainable, and ethically sourced fashion and accessories.",Failure
A virtual reality platform for remote team building and collaborative work environments.,Failure
An app that delivers personalized workout plans and tracks progress with AI-driven insights and recommendations.,Success
A virtual reality platform for remote team building and collaborative work environments.,Success
A platform for virtual concerts and live music events with interactive audience features.,Success
An online platform that offers coding bootcamps and tech courses with job placement support.,Failure
"A renewable energy startup focused on developing affordable, high-efficiency solar panels.",Failure
"A digital marketplace for buying, selling, and renting vintage and second-hand fashion items.",Failure
A platform that connects pet owners with pet sitters for short-term and long-term care needs.,Failure
An AI-driven tool for content creators to optimize their social media posts for engagement and reach.,Success
A smart home device that monitors air quality and adjusts settings to optimize health and comfort.,Failure
"An app that helps users learn new languages through immersive, real-life conversation practice.",Success
An online platform that offers coding bootcamps and tech courses with job placement support.,Failure
An online platform that offers coding bootcamps and tech courses with job placement support.,Failure
"A digital marketplace for buying, selling, and renting vintage and second-hand fashion items.",Failure
An app that delivers personalized workout plans and tracks progress with AI-driven insights and recommendations.,Failure
A platform for booking unique travel experiences hosted by locals in various destinations around the world.,Success
"A marketplace for handmade, sustainable, and ethically sourced fashion and accessories.",Success
An online platform that offers coding bootcamps and tech courses with job placement support.,Failure
An app that connects freelance graphic designers with clients needing custom artwork and branding services.,Success
An app that delivers personalized workout plans and tracks progress with AI-driven insights and recommendations.,Success
"A meal kit delivery service that provides all ingredients and recipes for healthy, quick-to-make meals.",Success
A telehealth service providing remote mental health counseling and therapy sessions with licensed professionals.,Success
"A renewable energy startup focused on developing affordable, high-efficiency solar panels.",Failure
An online platform that offers coding bootcamps and tech courses with job placement support.,Success
A smart home device that monitors air quality and adjusts settings to optimize health and comfort.,Success
"An app that helps users learn new languages through immersive, real-life conversation practice.",Success
An AI-powered financial advisor that helps users manage their personal finances and investments.,Failure
"A marketplace for handmade, sustainable, and ethically sourced fashion and accessories.",Success
An AI-driven tool for content creators to optimize their social media posts for engagement and reach.,Success
"A subscription service that sends monthly boxes of gourmet, organic snacks from around the world.",Failure
"A delivery service that specializes in bringing fresh, local produce directly from farmers to consumers.",Failure
A platform for booking unique travel experiences hosted by locals in various destinations around the world.,Success
An app that connects freelance graphic designers with clients needing custom artwork and branding services.,Success
A platform for booking unique travel experiences hosted by locals in various destinations around the world.,Failure
"A subscription service that sends monthly boxes of gourmet, organic snacks from around the world.",Success
"An app that helps users learn new languages through immersive, real-life conversation practice.",Success
An app that delivers personalized workout plans and tracks progress with AI-driven insights and recommendations.,Success
"A digital marketplace for buying, selling, and renting vintage and second-hand fashion items.",Success
A smart home device that monitors air quality and adjusts settings to optimize health and comfort.,Failure
A virtual reality platform for remote team building and collaborative work environments.,Failure
"A digital marketplace for buying, selling, and renting vintage and second-hand fashion items.",Success
An AI-powered financial advisor that helps users manage their personal finances and investments.,Success
An AI-powered financial advisor that helps users manage their personal finances and investments.,Success
An online platform that offers coding bootcamps and tech courses with job placement support.,Failure
A smart home device that monitors air quality and adjusts settings to optimize health and comfort.,Success
A platform for booking unique travel experiences hosted by locals in various destinations around the world.,Success
"A delivery service that specializes in bringing fresh, local produce directly from farmers to consumers.",Success
A platform for booking unique travel experiences hosted by locals in various destinations around the world.,Success
"An app that helps users learn new languages through immersive, real-life conversation practice.",Failure
"A meal kit delivery service that provides all ingredients and recipes for healthy, quick-to-make meals.",Success
"A digital marketplace for buying, selling, and renting vintage and second-hand fashion items.",Failure
"A cloud-based software for small businesses to manage their inventory, sales, and customer relationships.",Success
A platform for booking unique travel experiences hosted by locals in various destinations around the world.,Success
"A digital marketplace for buying, selling, and renting vintage and second-hand fashion items.",Failure
A virtual reality platform for remote team building and collaborative work environments.,Failure
"A digital marketplace for buying, selling, and renting vintage and second-hand fashion items.",Success
"A renewable energy startup focused on developing affordable, high-efficiency solar panels.",Failure
"A digital marketplace for buying, selling, and renting vintage and second-hand fashion items.",Failure
An app that delivers personalized workout plans and tracks progress with AI-driven insights and recommendations.,Success
"A delivery service that specializes in bringing fresh, local produce directly from farmers to consumers.",Failure
An app that connects freelance graphic designers with clients needing custom artwork and branding services.,Success
A mobile app that offers on-demand home cleaning services with eco-friendly products and vetted professionals.,Failure
"An app that helps users learn new languages through immersive, real-life conversation practice.",Failure
"A digital marketplace for buying, selling, and renting vintage and second-hand fashion items.",Success
An app that delivers personalized workout plans and tracks progress with AI-driven insights and recommendations.,Failure
A platform for booking unique travel experiences hosted by locals in various destinations around the world.,Failure
An app that connects freelance graphic designers with clients needing custom artwork and branding services.,Success
"A renewable energy startup focused on developing affordable, high-efficiency solar panels.",Success
An online platform that offers coding bootcamps and tech courses with job placement support.,Success
"A marketplace for handmade, sustainable, and ethically sourced fashion and accessories.",Success
A platform that connects pet owners with pet sitters for short-term and long-term care needs.,Failure
A platform for virtual concerts and live music events with interactive audience features.,Failure
"A delivery service that specializes in bringing fresh, local produce directly from farmers to consumers.",Success
"A meal kit delivery service that provides all ingredients and recipes for healthy, quick-to-make meals.",Failure
"A digital marketplace for buying, selling, and renting vintage and second-hand fashion items.",Success
An AI-powered financial advisor that helps users manage their personal finances and investments.,Success
"A cloud-based software for small businesses to manage their inventory, sales, and customer relationships.",Failure
An online platform that offers coding bootcamps and tech courses with job placement support.,Failure
"A meal kit delivery service that provides all ingredients and recipes for healthy, quick-to-make meals.",Failure
A platform that connects pet owners with pet sitters for short-term and long-term care needs.,Failure
"A digital marketplace for buying, selling, and renting vintage and second-hand fashion items.",Failure
An AI-driven tool for content creators to optimize their social media posts for engagement and reach.,Success
"A renewable energy startup focused on developing affordable, high-efficiency solar panels.",Failure
"A meal kit delivery service that provides all ingredients and recipes for healthy, quick-to-make meals.",Success
"A meal kit delivery service that provides all ingredients and recipes for healthy, quick-to-make meals.",Failure
"A digital marketplace for buying, selling, and renting vintage and second-hand fashion items.",Success
A platform for virtual concerts and live music events with interactive audience features.,Failure
"A digital marketplace for buying, selling, and renting vintage and second-hand fashion items.",Failure
A platform that connects pet owners with pet sitters for short-term and long-term care needs.,Success
"A cloud-based software for small businesses to manage their inventory, sales, and customer relationships.",Failure
"A meal kit delivery service that provides all ingredients and recipes for healthy, quick-to-make meals.",Success
"A subscription service that sends monthly boxes of gourmet, organic snacks from around the world.",Failure
"A delivery service that specializes in bringing fresh, local produce directly from farmers to consumers.",Success
"A meal kit delivery service that provides all ingredients and recipes for healthy, quick-to-make meals.",Failure
A telehealth service providing remote mental health counseling and therapy sessions with licensed professionals.,Success
"A subscription service that sends monthly boxes of gourmet, organic snacks from around the world.",Failure
"A marketplace for handmade, sustainable, and ethically sourced fashion and accessories.",Success
An online platform that offers coding bootcamps and tech courses with job placement support.,Failure
"A renewable energy startup focused on developing affordable, high-efficiency solar panels.",Failure
A platform for booking unique travel experiences hosted by locals in various destinations around the world.,Success
"A subscription service that sends monthly boxes of gourmet, organic snacks from around the world.",Success
"A renewable energy startup focused on developing affordable, high-efficiency solar panels.",Failure
"A marketplace for handmade, sustainable, and ethically sourced fashion and accessories.",Success
A virtual reality platform for remote team building and collaborative work environments.,Success
"A marketplace for handmade, sustainable, and ethically sourced fashion and accessories.",Success
A virtual reality platform for remote team building and collaborative work environments.,Failure
"A marketplace for handmade, sustainable, and ethically sourced fashion and accessories.",Success
An online platform that offers coding bootcamps and tech courses with job placement support.,Success
A platform that connects pet owners with pet sitters for short-term and long-term care needs.,Failure
"A meal kit delivery service that provides all ingredients and recipes for healthy, quick-to-make meals.",Failure
An online platform that offers coding bootcamps and tech courses with job placement support.,Failure
"An app that helps users learn new languages through immersive, real-life conversation practice.",Success
A mobile app that offers on-demand home cleaning services with eco-friendly products and vetted professionals.,Success
A platform for virtual concerts and live music events with interactive audience features.,Success
An AI-powered financial advisor that helps users manage their personal finances and investments.,Success
"A digital marketplace for buying, selling, and renting vintage and second-hand fashion items.",Failure
"An app that helps users learn new languages through immersive, real-life conversation practice.",Failure
A platform that connects pet owners with pet sitters for short-term and long-term care needs.,Failure
"A meal kit delivery service that provides all ingredients and recipes for healthy, quick-to-make meals.",Failure
"An app that helps users learn new languages through immersive, real-life conversation practice.",Success
"A digital marketplace for buying, selling, and renting vintage and second-hand fashion items.",Failure
A mobile app that offers on-demand home cleaning services with eco-friendly products and vetted professionals.,Failure
"A digital marketplace for buying, selling, and renting vintage and second-hand fashion items.",Failure
"A delivery service that specializes in bringing fresh, local produce directly from farmers to consumers.",Failure
A smart home device that monitors air quality and adjusts settings to optimize health and comfort.,Success
A platform for virtual concerts and live music events with interactive audience features.,Success
A platform for booking unique travel experiences hosted by locals in various destinations around the world.,Failure
A smart home device that monitors air quality and adjusts settings to optimize health and comfort.,Success
A virtual reality platform for remote team building and collaborative work environments.,Failure
"A renewable energy startup focused on developing affordable, high-efficiency solar panels.",Success
An AI-powered financial advisor that helps users manage their personal finances and investments.,Success
"A cloud-based software for small businesses to manage their inventory, sales, and customer relationships.",Success
An AI-driven tool for content creators to optimize their social media posts for engagement and reach.,Failure
"A digital marketplace for buying, selling, and renting vintage and second-hand fashion items.",Success
"A delivery service that specializes in bringing fresh, local produce directly from farmers to consumers.",Success
"A meal kit delivery service that provides all ingredients and recipes for healthy, quick-to-make meals.",Success
"A cloud-based software for small businesses to manage their inventory, sales, and customer relationships.",Success
A smart home device that monitors air quality and adjusts settings to optimize health and comfort.,Failure
"An app that helps users learn new languages through immersive, real-life conversation practice.",Success
A platform that connects pet owners with pet sitters for short-term and long-term care needs.,Success
An app that delivers personalized workout plans and tracks progress with AI-driven insights and recommendations.,Failure
"A delivery service that specializes in bringing fresh, local produce directly from farmers to consumers.",Success
"A renewable energy startup focused on developing affordable, high-efficiency solar panels.",Failure
An AI-driven tool for content creators to optimize their social media posts for engagement and reach.,Failure
"A renewable energy startup focused on developing affordable, high-efficiency solar panels.",Success
A platform for virtual concerts and live music events with interactive audience features.,Failure
"A meal kit delivery service that provides all ingredients and recipes for healthy, quick-to-make meals.",Success
A platform for booking unique travel experiences hosted by locals in various destinations around the world.,Failure
A telehealth service providing remote mental health counseling and therapy sessions with licensed professionals.,Failure
An online platform that offers coding bootcamps and tech courses with job placement support.,Success
"A digital marketplace for buying, selling, and renting vintage and second-hand fashion items.",Failure
An AI-driven tool for content creators to optimize their social media posts for engagement and reach.,Failure
An AI-powered financial advisor that helps users manage their personal finances and investments.,Failure
An app that delivers personalized workout plans and tracks progress with AI-driven insights and recommendations.,Failure
"A meal kit delivery service that provides all ingredients and recipes for healthy, quick-to-make meals.",Failure
A smart home device that monitors air quality and adjusts settings to optimize health and comfort.,Failure
A smart home device that monitors air quality and adjusts settings to optimize health and comfort.,Failure
"A renewable energy startup focused on developing affordable, high-efficiency solar panels.",Failure
"A meal kit delivery service that provides all ingredients and recipes for healthy, quick-to-make meals.",Success
An online platform that offers coding bootcamps and tech courses with job placement support.,Success
An app that connects freelance graphic designers with clients needing custom artwork and branding services.,Failure
"A renewable energy startup focused on developing affordable, high-efficiency solar panels.",Success
"A marketplace for handmade, sustainable, and ethically sourced fashion and accessories.",Success
An app that connects freelance graphic designers with clients needing custom artwork and branding services.,Success
A smart home device that monitors air quality and adjusts settings to optimize health and comfort.,Failure
A platform for virtual concerts and live music events with interactive audience features.,Failure
An app that connects freelance graphic designers with clients needing custom artwork and branding services.,Failure
A platform for booking unique travel experiences hosted by locals in various destinations around the world.,Success
An AI-driven tool for content creators to optimize their social media posts for engagement and reach.,Success
An app that connects freelance graphic designers with clients needing custom artwork and branding services.,Success
"A renewable energy startup focused on developing affordable, high-efficiency solar panels.",Failure
A smart home device that monitors air quality and adjusts settings to optimize health and comfort.,Success
An app that delivers personalized workout plans and tracks progress with AI-driven insights and recommendations.,Failure
"A delivery service that specializes in bringing fresh, local produce directly from farmers to consumers.",Failure
An AI-powered financial advisor that helps users manage their personal finances and investments.,Success
"A cloud-based software for small businesses to manage their inventory, sales, and customer relationships.",Success
An online platform that offers coding bootcamps and tech courses with job placement support.,Success
"A cloud-based software for small businesses to manage their inventory, sales, and customer relationships.",Success
A platform that connects pet owners with pet sitters for short-term and long-term care needs.,Success
A platform that connects pet owners with pet sitters for short-term and long-term care needs.,Success
"A digital marketplace for buying, selling, and renting vintage and second-hand fashion items.",Success
"A marketplace for handmade, sustainable, and ethically sourced fashion and accessories.",Success
"A marketplace for handmade, sustainable, and ethically sourced fashion and accessories.",Success
An app that delivers personalized workout plans and tracks progress with AI-driven insights and recommendations.,Failure
A smart home device that monitors air quality and adjusts settings to optimize health and comfort.,Failure
An app that delivers personalized workout plans and tracks progress with AI-driven insights and recommendations.,Success
"A meal kit delivery service that provides all ingredients and recipes for healthy, quick-to-make meals.",Failure
An app that delivers personalized workout plans and tracks progress with AI-driven insights and recommendations.,Success
"A subscription service that sends monthly boxes of gourmet, organic snacks from around the world.",Success
An AI-powered financial advisor that helps users manage their personal finances and investments.,Failure
"A renewable energy startup focused on developing affordable, high-efficiency solar panels.",Failure
An AI-driven tool for content creators to optimize their social media posts for engagement and reach.,Failure
"A marketplace for handmade, sustainable, and ethically sourced fashion and accessories.",Success
A mobile app that offers on-demand home cleaning services with eco-friendly products and vetted professionals.,Success
An online platform that offers coding bootcamps and tech courses with job placement support.,Failure
An AI-driven tool for content creators to optimize their social media posts for engagement and reach.,Failure
"A marketplace for handmade, sustainable, and ethically sourced fashion and accessories.",Failure
"A marketplace for handmade, sustainable, and ethically sourced fashion and accessories.",Success
An AI-powered financial advisor that helps users manage their personal finances and investments.,Success
A platform that connects pet owners with pet sitters for short-term and long-term care needs.,Success
"A meal kit delivery service that provides all ingredients and recipes for healthy, quick-to-make meals.",Failure
"A cloud-based software for small businesses to manage their inventory, sales, and customer relationships.",Failure
"A subscription service that sends monthly boxes of gourmet, organic snacks from around the world.",Failure
A telehealth service providing remote mental health counseling and therapy sessions with licensed professionals.,Success
An app that connects freelance graphic designers with clients needing custom artwork and branding services.,Failure
A platform for booking unique travel experiences hosted by locals in various destinations around the world.,Failure
An app that connects freelance graphic designers with clients needing custom artwork and branding services.,Failure
"A cloud-based software for small businesses to manage their inventory, sales, and customer relationships.",Failure
"An app that helps users learn new languages through immersive, real-life conversation practice.",Failure
A platform for virtual concerts and live music events with interactive audience features.,Success
An AI-powered financial advisor that helps users manage their personal finances and investments.,Failure
"A delivery service that specializes in bringing fresh, local produce directly from farmers to consumers.",Success
A platform for booking unique travel experiences hosted by locals in various destinations around the world.,Success
A virtual reality platform for remote team building and collaborative work environments.,Success
"A subscription service that sends monthly boxes of gourmet, organic snacks from around the world.",Success
"A meal kit delivery service that provides all ingredients and recipes for healthy, quick-to-make meals.",Failure
"A marketplace for handmade, sustainable, and ethically sourced fashion and accessories.",Failure
A telehealth service providing remote mental health counseling and therapy sessions with licensed professionals.,Success
An online platform that offers coding bootcamps and tech courses with job placement support.,Success
"An app that helps users learn new languages through immersive, real-life conversation practice.",Success
An AI-powered financial advisor that helps users manage their personal finances and investments.,Failure
An app that connects freelance graphic designers with clients needing custom artwork and branding services.,Failure
A telehealth service providing remote mental health counseling and therapy sessions with licensed professionals.,Success
"A delivery service that specializes in bringing fresh, local produce directly from farmers to consumers.",Failure
A platform for virtual concerts and live music events with interactive audience features.,Success
"A digital marketplace for buying, selling, and renting vintage and second-hand fashion items.",Failure
An AI-driven tool for content creators to optimize their social media posts for engagement and reach.,Failure
"A subscription service that sends monthly boxes of gourmet, organic snacks from around the world.",Failure
An AI-driven tool for content creators to optimize their social media posts for engagement and reach.,Success
"A cloud-based software for small businesses to manage their inventory, sales, and customer relationships.",Success
A platform for virtual concerts and live music events with interactive audience features.,Failure
A platform for virtual concerts and live music events with interactive audience features.,Failure
A platform for booking unique travel experiences hosted by locals in various destinations around the world.,Failure
"A meal kit delivery service that provides all ingredients and recipes for healthy, quick-to-make meals.",Failure
A mobile app that offers on-demand home cleaning services with eco-friendly products and vetted professionals.,Failure
A smart home device that monitors air quality and adjusts settings to optimize health and comfort.,Failure
A telehealth service providing remote mental health counseling and therapy sessions with licensed professionals.,Failure
"A cloud-based software for small businesses to manage their inventory, sales, and customer relationships.",Success
An AI-powered financial advisor that helps users manage their personal finances and investments.,Failure
An app that connects freelance graphic designers with clients needing custom artwork and branding services.,Failure
A platform for booking unique travel experiences hosted by locals in various destinations around the world.,Failure
"An app that helps users learn new languages through immersive, real-life conversation practice.",Failure
"An app that helps users learn new languages through immersive, real-life conversation practice.",Failure
"A meal kit delivery service that provides all ingredients and recipes for healthy, quick-to-make meals.",Success
A telehealth service providing remote mental health counseling and therapy sessions with licensed professionals.,Failure
A smart home device that monitors air quality and adjusts settings to optimize health and comfort.,Success
"A subscription service that sends monthly boxes of gourmet, organic snacks from around the world.",Success
"A meal kit delivery service that provides all ingredients and recipes for healthy, quick-to-make meals.",Failure
"An app that helps users learn new languages through immersive, real-life conversation practice.",Failure
An app that connects freelance graphic designers with clients needing custom artwork and branding services.,Success
A platform for booking unique travel experiences hosted by locals in various destinations around the world.,Failure
An online platform that offers coding bootcamps and tech courses with job placement support.,Failure
"A marketplace for handmade, sustainable, and ethically sourced fashion and accessories.",Failure
"An app that helps users learn new languages through immersive, real-life conversation practice.",Failure
An app that delivers personalized workout plans and tracks progress with AI-driven insights and recommendations.,Success
A smart home device that monitors air quality and adjusts settings to optimize health and comfort.,Failure
"A meal kit delivery service that provides all ingredients and recipes for healthy, quick-to-make meals.",Success
An app that connects freelance graphic designers with clients needing custom artwork and branding services.,Failure
An AI-driven tool for content creators to optimize their social media posts for engagement and reach.,Failure
"A subscription service that sends monthly boxes of gourmet, organic snacks from around the world.",Success
"A marketplace for handmade, sustainable, and ethically sourced fashion and accessories.",Success
"A renewable energy startup focused on developing affordable, high-efficiency solar panels.",Failure
A mobile app that offers on-demand home cleaning services with eco-friendly products and vetted professionals.,Success
"A subscription service that sends monthly boxes of gourmet, organic snacks from around the world.",Failure
An online platform that offers coding bootcamps and tech courses with job placement support.,Failure
A mobile app that offers on-demand home cleaning services with eco-friendly products and vetted professionals.,Success
A telehealth service providing remote mental health counseling and therapy sessions with licensed professionals.,Failure
A platform for booking unique travel experiences hosted by locals in various destinations around the world.,Failure
An AI-driven tool for content creators to optimize their social media posts for engagement and reach.,Success
A platform for booking unique travel experiences hosted by locals in various destinations around the world.,Success
A virtual reality platform for remote team building and collaborative work environments.,Success
A platform for booking unique travel experiences hosted by locals in various destinations around the world.,Failure
A mobile app that offers on-demand home cleaning services with eco-friendly products and vetted professionals.,Success
"A cloud-based software for small businesses to manage their inventory, sales, and customer relationships.",Success
An AI-driven tool for content creators to optimize their social media posts for engagement and reach.,Failure
A telehealth service providing remote mental health counseling and therapy sessions with licensed professionals.,Success
An AI-driven tool for content creators to optimize their social media posts for engagement and reach.,Success
"A subscription service that sends monthly boxes of gourmet, organic snacks from around the world.",Failure
A virtual reality platform for remote team building and collaborative work environments.,Failure
"A delivery service that specializes in bringing fresh, local produce directly from farmers to consumers.",Success
An AI-driven tool for content creators to optimize their social media posts for engagement and reach.,Success
"A renewable energy startup focused on developing affordable, high-efficiency solar panels.",Failure
"A marketplace for handmade, sustainable, and ethically sourced fashion and accessories.",Failure
"A cloud-based software for small businesses to manage their inventory, sales, and customer relationships.",Success
"A subscription service that sends monthly boxes of gourmet, organic snacks from around the world.",Success
"A delivery service that specializes in bringing fresh, local produce directly from farmers to consumers.",Success
"A delivery service that specializes in bringing fresh, local produce directly from farmers to consumers.",Failure
A smart home device that monitors air quality and adjusts settings to optimize health and comfort.,Success
"A marketplace for handmade, sustainable, and ethically sourced fashion and accessories.",Failure
A platform for booking unique travel experiences hosted by locals in various destinations around the world.,Failure
A smart home device that monitors air quality and adjusts settings to optimize health and comfort.,Failure
An AI-driven tool for content creators to optimize their social media posts for engagement and reach.,Failure
"A renewable energy startup focused on developing affordable, high-efficiency solar panels.",Failure
A platform that connects pet owners with pet sitters for short-term and long-term care needs.,Success
An app that connects freelance graphic designers with clients needing custom artwork and branding services.,Failure
A platform for booking unique travel experiences hosted by locals in various destinations around the world.,Success
"A cloud-based software for small businesses to manage their inventory, sales, and customer relationships.",Success
A platform for booking unique travel experiences hosted by locals in various destinations around the world.,Failure
"A renewable energy startup focused on developing affordable, high-efficiency solar panels.",Failure
An online platform that offers coding bootcamps and tech courses with job placement support.,Success
An app that connects freelance graphic designers with clients needing custom artwork and branding services.,Success
"A meal kit delivery service that provides all ingredients and recipes for healthy, quick-to-make meals.",Failure
"An app that helps users learn new languages through immersive, real-life conversation practice.",Success
A platform for virtual concerts and live music events with interactive audience features.,Success
"A cloud-based software for small businesses to manage their inventory, sales, and customer relationships.",Failure
An AI-powered financial advisor that helps users manage their personal finances and investments.,Failure
"A cloud-based software for small businesses to manage their inventory, sales, and customer relationships.",Success
"A marketplace for handmade, sustainable, and ethically sourced fashion and accessories.",Failure
"A subscription service that sends monthly boxes of gourmet, organic snacks from around the world.",Success
"A meal kit delivery service that provides all ingredients and recipes for healthy, quick-to-make meals.",Success
A platform for virtual concerts and live music events with interactive audience features.,Failure
"An app that helps users learn new languages through immersive, real-life conversation practice.",Success
"A renewable energy startup focused on developing affordable, high-efficiency solar panels.",Failure
An app that delivers personalized workout plans and tracks progress with AI-driven insights and recommendations.,Failure
A smart home device that monitors air quality and adjusts settings to optimize health and comfort.,Failure
"A renewable energy startup focused on developing affordable, high-efficiency solar panels.",Failure
"A renewable energy startup focused on developing affordable, high-efficiency solar panels.",Success
"A subscription service that sends monthly boxes of gourmet, organic snacks from around the world.",Failure
"A delivery service that specializes in bringing fresh, local produce directly from farmers to consumers.",Success
An online platform that offers coding bootcamps and tech courses with job placement support.,Success
An app that delivers personalized workout plans and tracks progress with AI-driven insights and recommendations.,Failure
"A delivery service that specializes in bringing fresh, local produce directly from farmers to consumers.",Failure
An app that delivers personalized workout plans and tracks progress with AI-driven insights and recommendations.,Failure
"A meal kit delivery service that provides all ingredients and recipes for healthy, quick-to-make meals.",Failure
An app that delivers personalized workout plans and tracks progress with AI-driven insights and recommendations.,Success
"A subscription service that sends monthly boxes of gourmet, organic snacks from around the world.",Failure
A telehealth service providing remote mental health counseling and therapy sessions with licensed professionals.,Success
A platform for booking unique travel experiences hosted by locals in various destinations around the world.,Failure
An app that connects freelance graphic designers with clients needing custom artwork and branding services.,Failure
"An app that helps users learn new languages through immersive, real-life conversation practice.",Failure
"A delivery service that specializes in bringing fresh, local produce directly from farmers to consumers.",Failure
An AI-powered financial advisor that helps users manage their personal finances and investments.,Failure
A platform for virtual concerts and live music events with interactive audience features.,Success
A virtual reality platform for remote team building and collaborative work environments.,Failure
An AI-powered financial advisor that helps users manage their personal finances and investments.,Failure
An app that connects freelance graphic designers with clients needing custom artwork and branding services.,Success
A smart home device that monitors air quality and adjusts settings to optimize health and comfort.,Failure
"A delivery service that specializes in bringing fresh, local produce directly from farmers to consumers.",Failure
A smart home device that monitors air quality and adjusts settings to optimize health and comfort.,Failure
A platform that connects pet owners with pet sitters for short-term and long-term care needs.,Success
"A renewable energy startup focused on developing affordable, high-efficiency solar panels.",Failure
An app that connects freelance graphic designers with clients needing custom artwork and branding services.,Failure
An online platform that offers coding bootcamps and tech courses with job placement support.,Success
An app that delivers personalized workout plans and tracks progress with AI-driven insights and recommendations.,Success
A mobile app that offers on-demand home cleaning services with eco-friendly products and vetted professionals.,Success
A platform for virtual concerts and live music events with interactive audience features.,Success
An app that delivers personalized workout plans and tracks progress with AI-driven insights and recommendations.,Failure
An online platform that offers coding bootcamps and tech courses with job placement support.,Success
An AI-driven tool for content creators to optimize their social media posts for engagement and reach.,Failure
An app that delivers personalized workout plans and tracks progress with AI-driven insights and recommendations.,Success
"A cloud-based software for small businesses to manage their inventory, sales, and customer relationships.",Failure
"A marketplace for handmade, sustainable, and ethically sourced fashion and accessories.",Success
A virtual reality platform for remote team building and collaborative work environments.,Failure
An AI-driven tool for content creators to optimize their social media posts for engagement and reach.,Success
An AI-driven tool for content creators to optimize their social media posts for engagement and reach.,Success
A virtual reality platform for remote team building and collaborative work environments.,Success
An AI-powered financial advisor that helps users manage their personal finances and investments.,Failure
An AI-powered financial advisor that helps users manage their personal finances and investments.,Success
"A renewable energy startup focused on developing affordable, high-efficiency solar panels.",Success
A telehealth service providing remote mental health counseling and therapy sessions with licensed professionals.,Success
"A delivery service that specializes in bringing fresh, local produce directly from farmers to consumers.",Failure
"A marketplace for handmade, sustainable, and ethically sourced fashion and accessories.",Success
"A delivery service that specializes in bringing fresh, local produce directly from farmers to consumers.",Success
A platform for booking unique travel experiences hosted by locals in various destinations around the world.,Failure
A platform for virtual concerts and live music events with interactive audience features.,Success
A telehealth service providing remote mental health counseling and therapy sessions with licensed professionals.,Success
A mobile app that offers on-demand home cleaning services with eco-friendly products and vetted professionals.,Success
An AI-powered financial advisor that helps users manage their personal finances and investments.,Success
An online platform that offers coding bootcamps and tech courses with job placement support.,Failure
"A renewable energy startup focused on developing affordable, high-efficiency solar panels.",Failure
"An app that helps users learn new languages through immersive, real-life conversation practice.",Success
A platform for booking unique travel experiences hosted by locals in various destinations around the world.,Failure
"A marketplace for handmade, sustainable, and ethically sourced fashion and accessories.",Success
A telehealth service providing remote mental health counseling and therapy sessions with licensed professionals.,Failure
An AI-powered financial advisor that helps users manage their personal finances and investments.,Failure
An app that delivers personalized workout plans and tracks progress with AI-driven insights and recommendations.,Failure
"A meal kit delivery service that provides all ingredients and recipes for healthy, quick-to-make meals.",Success
"A digital marketplace for buying, selling, and renting vintage and second-hand fashion items.",Failure
A platform for booking unique travel experiences hosted by locals in various destinations around the world.,Failure
"A delivery service that specializes in bringing fresh, local produce directly from farmers to consumers.",Success
An app that delivers personalized workout plans and tracks progress with AI-driven insights and recommendations.,Failure
"A digital marketplace for buying, selling, and renting vintage and second-hand fashion items.",Success
"A subscription service that sends monthly boxes of gourmet, organic snacks from around the world.",Failure
"A marketplace for handmade, sustainable, and ethically sourced fashion and accessories.",Success
"A digital marketplace for buying, selling, and renting vintage and second-hand fashion items.",Success
An app that delivers personalized workout plans and tracks progress with AI-driven insights and recommendations.,Failure
An app that connects freelance graphic designers with clients needing custom artwork and branding services.,Failure
"A delivery service that specializes in bringing fresh, local produce directly from farmers to consumers.",Success
A smart home device that monitors air quality and adjusts settings to optimize health and comfort.,Failure
An AI-powered financial advisor that helps users manage their personal finances and investments.,Success
A mobile app that offers on-demand home cleaning services with eco-friendly products and vetted professionals.,Success
"A cloud-based software for small businesses to manage their inventory, sales, and customer relationships.",Failure
A platform that connects pet owners with pet sitters for short-term and long-term care needs.,Success
"A cloud-based software for small businesses to manage their inventory, sales, and customer relationships.",Success
A platform for booking unique travel experiences hosted by locals in various destinations around the world.,Failure
"A digital marketplace for buying, selling, and renting vintage and second-hand fashion items.",Success
An AI-powered financial advisor that helps users manage their personal finances and investments.,Failure
An app that connects freelance graphic designers with clients needing custom artwork and branding services.,Success
An AI-driven tool for content creators to optimize their social media posts for engagement and reach.,Success
"A meal kit delivery service that provides all ingredients and recipes for healthy, quick-to-make meals.",Failure
An app that connects freelance graphic designers with clients needing custom artwork and branding services.,Success
An AI-powered financial advisor that helps users manage their personal finances and investments.,Success
An app that delivers personalized workout plans and tracks progress with AI-driven insights and recommendations.,Failure
A smart home device that monitors air quality and adjusts settings to optimize health and comfort.,Success
A platform for virtual concerts and live music events with interactive audience features.,Failure
A smart home device that monitors air quality and adjusts settings to optimize health and comfort.,Failure
An app that delivers personalized workout plans and tracks progress with AI-driven insights and recommendations.,Failure
A platform that connects pet owners with pet sitters for short-term and long-term care needs.,Success
A platform that connects pet owners with pet sitters for short-term and long-term care needs.,Failure
A mobile app that offers on-demand home cleaning services with eco-friendly products and vetted professionals.,Failure
"A subscription service that sends monthly boxes of gourmet, organic snacks from around the world.",Failure
A platform that connects pet owners with pet sitters for short-term and long-term care needs.,Failure
A platform that connects pet owners with pet sitters for short-term and long-term care needs.,Success
A telehealth service providing remote mental health counseling and therapy sessions with licensed professionals.,Failure
A platform that connects pet owners with pet sitters for short-term and long-term care needs.,Failure
A smart home device that monitors air quality and adjusts settings to optimize health and comfort.,Success
A platform that connects pet owners with pet sitters for short-term and long-term care needs.,Success
An AI-powered financial advisor that helps users manage their personal finances and investments.,Failure
A platform for virtual concerts and live music events with interactive audience features.,Failure
A mobile app that offers on-demand home cleaning services with eco-friendly products and vetted professionals.,Success
"A cloud-based software for small businesses to manage their inventory, sales, and customer relationships.",Success
An AI-powered financial advisor that helps users manage their personal finances and investments.,Success
A telehealth service providing remote mental health counseling and therapy sessions with licensed professionals.,Failure
A mobile app that offers on-demand home cleaning services with eco-friendly products and vetted professionals.,Failure
An AI-powered financial advisor that helps users manage their personal finances and investments.,Failure
A platform for booking unique travel experiences hosted by locals in various destinations around the world.,Success
"A marketplace for handmade, sustainable, and ethically sourced fashion and accessories.",Failure
A virtual reality platform for remote team building and collaborative work environments.,Success
A mobile app that offers on-demand home cleaning services with eco-friendly products and vetted professionals.,Success
An app that delivers personalized workout plans and tracks progress with AI-driven insights and recommendations.,Failure
"A digital marketplace for buying, selling, and renting vintage and second-hand fashion items.",Failure
An AI-powered financial advisor that helps users manage their personal finances and investments.,Failure
A platform that connects pet owners with pet sitters for short-term and long-term care needs.,Success
A platform for booking unique travel experiences hosted by locals in various destinations around the world.,Failure
A smart home device that monitors air quality and adjusts settings to optimize health and comfort.,Failure
"A marketplace for handmade, sustainable, and ethically sourced fashion and accessories.",Success
A telehealth service providing remote mental health counseling and therapy sessions with licensed professionals.,Success
"A delivery service that specializes in bringing fresh, local produce directly from farmers to consumers.",Failure
"A digital marketplace for buying, selling, and renting vintage and second-hand fashion items.",Failure
A platform that connects pet owners with pet sitters for short-term and long-term care needs.,Success
A smart home device that monitors air quality and adjusts settings to optimize health and comfort.,Success
A platform for virtual concerts and live music events with interactive audience features.,Success
An AI-driven tool for content creators to optimize their social media posts for engagement and reach.,Failure
A smart home device that monitors air quality and adjusts settings to optimize health and comfort.,Success
A platform for booking unique travel experiences hosted by locals in various destinations around the world.,Failure
"A subscription service that sends monthly boxes of gourmet, organic snacks from around the world.",Success
"A meal kit delivery service that provides all ingredients and recipes for healthy, quick-to-make meals.",Failure
"A subscription service that sends monthly boxes of gourmet, organic snacks from around the world.",Success
A mobile app that offers on-demand home cleaning services with eco-friendly products and vetted professionals.,Failure
An app that delivers personalized workout plans and tracks progress with AI-driven insights and recommendations.,Failure
An app that connects freelance graphic designers with clients needing custom artwork and branding services.,Success
An AI-driven tool for content creators to optimize their social media posts for engagement and reach.,Success
"A delivery service that specializes in bringing fresh, local produce directly from farmers to consumers.",Success
A virtual reality platform for remote team building and collaborative work environments.,Success
"A marketplace for handmade, sustainable, and ethically sourced fashion and accessories.",Failure
"A digital marketplace for buying, selling, and renting vintage and second-hand fashion items.",Failure
"An app that helps users learn new languages through immersive, real-life conversation practice.",Failure
A virtual reality platform for remote team building and collaborative work environments.,Failure
An AI-powered financial advisor that helps users manage their personal finances and investments.,Failure
"An app that helps users learn new languages through immersive, real-life conversation practice.",Failure
"A cloud-based software for small businesses to manage their inventory, sales, and customer relationships.",Success
An app that delivers personalized workout plans and tracks progress with AI-driven insights and recommendations.,Failure
A platform that connects pet owners with pet sitters for short-term and long-term care needs.,Failure
A smart home device that monitors air quality and adjusts settings to optimize health and comfort.,Failure
"A delivery service that specializes in bringing fresh, local produce directly from farmers to consumers.",Success
"A delivery service that specializes in bringing fresh, local produce directly from farmers to consumers.",Success
"An app that helps users learn new languages through immersive, real-life conversation practice.",Failure
"A subscription service that sends monthly boxes of gourmet, organic snacks from around the world.",Failure
An AI-powered financial advisor that helps users manage their personal finances and investments.,Failure
"A marketplace for handmade, sustainable, and ethically sourced fashion and accessories.",Failure
A telehealth service providing remote mental health counseling and therapy sessions with licensed professionals.,Failure
"An app that helps users learn new languages through immersive, real-life conversation practice.",Success
"A subscription service that sends monthly boxes of gourmet, organic snacks from around the world.",Failure
A mobile app that offers on-demand home cleaning services with eco-friendly products and vetted professionals.,Failure
A virtual reality platform for remote team building and collaborative work environments.,Failure
A telehealth service providing remote mental health counseling and therapy sessions with licensed professionals.,Failure
An AI-powered financial advisor that helps users manage their personal finances and investments.,Failure
"A renewable energy startup focused on developing affordable, high-efficiency solar panels.",Success
An app that connects freelance graphic designers with clients needing custom artwork and branding services.,Success
"A delivery service that specializes in bringing fresh, local produce directly from farmers to consumers.",Failure
"An app that helps users learn new languages through immersive, real-life conversation practice.",Success
An app that connects freelance graphic designers with clients needing custom artwork and branding services.,Success
A platform for virtual concerts and live music events with interactive audience features.,Failure
A platform for virtual concerts and live music events with interactive audience features.,Failure
"A delivery service that specializes in bringing fresh, local produce directly from farmers to consumers.",Failure
"A meal kit delivery service that provides all ingredients and recipes for healthy, quick-to-make meals.",Success
"An app that helps users learn new languages through immersive, real-life conversation practice.",Success
A mobile app that offers on-demand home cleaning services with eco-friendly products and vetted professionals.,Failure
"A subscription service that sends monthly boxes of gourmet, organic snacks from around the world.",Success
"A digital marketplace for buying, selling, and renting vintage and second-hand fashion items.",Failure
An app that delivers personalized workout plans and tracks progress with AI-driven insights and recommendations.,Success
"A renewable energy startup focused on developing affordable, high-efficiency solar panels.",Failure
A platform for booking unique travel experiences hosted by locals in various destinations around the world.,Failure
A smart home device that monitors air quality and adjusts settings to optimize health and comfort.,Failure
An AI-driven tool for content creators to optimize their social media posts for engagement and reach.,Success
A platform for booking unique travel experiences hosted by locals in various destinations around the world.,Success
"A delivery service that specializes in bringing fresh, local produce directly from farmers to consumers.",Failure
An AI-powered financial advisor that helps users manage their personal finances and investments.,Failure
A mobile app that offers on-demand home cleaning services with eco-friendly products and vetted professionals.,Failure
An app that delivers personalized workout plans and tracks progress with AI-driven insights and recommendations.,Success
An app that delivers personalized workout plans and tracks progress with AI-driven insights and recommendations.,Success
"A cloud-based software for small businesses to manage their inventory, sales, and customer relationships.",Failure
An online platform that offers coding bootcamps and tech courses with job placement support.,Failure
An app that delivers personalized workout plans and tracks progress with AI-driven insights and recommendations.,Failure
"A meal kit delivery service that provides all ingredients and recipes for healthy, quick-to-make meals.",Failure
A mobile app that offers on-demand home cleaning services with eco-friendly products and vetted professionals.,Failure
"A digital marketplace for buying, selling, and renting vintage and second-hand fashion items.",Failure
An AI-powered financial advisor that helps users manage their personal finances and investments.,Failure
"An app that helps users learn new languages through immersive, real-life conversation practice.",Failure
An online platform that offers coding bootcamps and tech courses with job placement support.,Success
An app that delivers personalized workout plans and tracks progress with AI-driven insights and recommendations.,Success
A virtual reality platform for remote team building and collaborative work environments.,Failure
"An app that helps users learn new languages through immersive, real-life conversation practice.",Success
A virtual reality platform for remote team building and collaborative work environments.,Success
An app that connects freelance graphic designers with clients needing custom artwork and branding services.,Failure
"A cloud-based software for small businesses to manage their inventory, sales, and customer relationships.",Failure
"A renewable energy startup focused on developing affordable, high-efficiency solar panels.",Failure
"A marketplace for handmade, sustainable, and ethically sourced fashion and accessories.",Failure
A platform that connects pet owners with pet sitters for short-term and long-term care needs.,Failure
An AI-powered financial advisor that helps users manage their personal finances and investments.,Failure
An AI-powered financial advisor that helps users manage their personal finances and investments.,Success
An AI-driven tool for content creators to optimize their social media posts for engagement and reach.,Success
A telehealth service providing remote mental health counseling and therapy sessions with licensed professionals.,Failure
An online platform that offers coding bootcamps and tech courses with job placement support.,Failure
"A marketplace for handmade, sustainable, and ethically sourced fashion and accessories.",Success
"A renewable energy startup focused on developing affordable, high-efficiency solar panels.",Failure
"A meal kit delivery service that provides all ingredients and recipes for healthy, quick-to-make meals.",Failure
"A delivery service that specializes in bringing fresh, local produce directly from farmers to consumers.",Success
A platform that connects pet owners with pet sitters for short-term and long-term care needs.,Failure
An online platform that offers coding bootcamps and tech courses with job placement support.,Failure
An app that connects freelance graphic designers with clients needing custom artwork and branding services.,Success
"A meal kit delivery service that provides all ingredients and recipes for healthy, quick-to-make meals.",Success
An AI-driven tool for content creators to optimize their social media posts for engagement and reach.,Success
An app that connects freelance graphic designers with clients needing custom artwork and branding services.,Success
An AI-powered financial advisor that helps users manage their personal finances and investments.,Failure
"A subscription service that sends monthly boxes of gourmet, organic snacks from around the world.",Failure
A mobile app that offers on-demand home cleaning services with eco-friendly products and vetted professionals.,Success
An AI-driven tool for content creators to optimize their social media posts for engagement and reach.,Success
"A meal kit delivery service that provides all ingredients and recipes for healthy, quick-to-make meals.",Success
An AI-driven tool for content creators to optimize their social media posts for engagement and reach.,Failure
A smart home device that monitors air quality and adjusts settings to optimize health and comfort.,Failure
"A cloud-based software for small businesses to manage their inventory, sales, and customer relationships.",Failure
A telehealth service providing remote mental health counseling and therapy sessions with licensed professionals.,Success
"An app that helps users learn new languages through immersive, real-life conversation practice.",Success
An AI-powered financial advisor that helps users manage their personal finances and investments.,Failure
An online platform that offers coding bootcamps and tech courses with job placement support.,Failure
A telehealth service providing remote mental health counseling and therapy sessions with licensed professionals.,Failure
"A meal kit delivery service that provides all ingredients and recipes for healthy, quick-to-make meals.",Failure
A smart home device that monitors air quality and adjusts settings to optimize health and comfort.,Failure
An online platform that offers coding bootcamps and tech courses with job placement support.,Success
An AI-powered financial advisor that helps users manage their personal finances and investments.,Success
A platform for booking unique travel experiences hosted by locals in various destinations around the world.,Success
"A digital marketplace for buying, selling, and renting vintage and second-hand fashion items.",Success
A platform that connects pet owners with pet sitters for short-term and long-term care needs.,Success
A mobile app that offers on-demand home cleaning services with eco-friendly products and vetted professionals.,Success
"A digital marketplace for buying, selling, and renting vintage and second-hand fashion items.",Failure
"A cloud-based software for small businesses to manage their inventory, sales, and customer relationships.",Failure
"A meal kit delivery service that provides all ingredients and recipes for healthy, quick-to-make meals.",Success
A platform that connects pet owners with pet sitters for short-term and long-term care needs.,Failure
An AI-powered financial advisor that helps users manage their personal finances and investments.,Failure
"A digital marketplace for buying, selling, and renting vintage and second-hand fashion items.",Failure
A platform that connects pet owners with pet sitters for short-term and long-term care needs.,Failure
A platform for booking unique travel experiences hosted by locals in various destinations around the world.,Success
A telehealth service providing remote mental health counseling and therapy sessions with licensed professionals.,Success
"A renewable energy startup focused on developing affordable, high-efficiency solar panels.",Success
An online platform that offers coding bootcamps and tech courses with job placement support.,Success
An app that delivers personalized workout plans and tracks progress with AI-driven insights and recommendations.,Failure
An online platform that offers coding bootcamps and tech courses with job placement support.,Failure
An online platform that offers coding bootcamps and tech courses with job placement support.,Success
A telehealth service providing remote mental health counseling and therapy sessions with licensed professionals.,Failure
"A delivery service that specializes in bringing fresh, local produce directly from farmers to consumers.",Failure
An AI-powered financial advisor that helps users manage their personal finances and investments.,Failure
A platform that connects pet owners with pet sitters for short-term and long-term care needs.,Success
"A cloud-based software for small businesses to manage their inventory, sales, and customer relationships.",Failure
A telehealth service providing remote mental health counseling and therapy sessions with licensed professionals.,Success
An app that delivers personalized workout plans and tracks progress with AI-driven insights and recommendations.,Failure
A virtual reality platform for remote team building and collaborative work environments.,Success
"A digital marketplace for buying, selling, and renting vintage and second-hand fashion items.",Success
A platform for virtual concerts and live music events with interactive audience features.,Success
"A digital marketplace for buying, selling, and renting vintage and second-hand fashion items.",Success
"A renewable energy startup focused on developing affordable, high-efficiency solar panels.",Success
An online platform that offers coding bootcamps and tech courses with job placement support.,Failure
"A marketplace for handmade, sustainable, and ethically sourced fashion and accessories.",Failure
An app that delivers personalized workout plans and tracks progress with AI-driven insights and recommendations.,Failure
An AI-powered financial advisor that helps users manage their personal finances and investments.,Success
"A renewable energy startup focused on developing affordable, high-efficiency solar panels.",Failure
"A cloud-based software for small businesses to manage their inventory, sales, and customer relationships.",Failure
"A renewable energy startup focused on developing affordable, high-efficiency solar panels.",Success
A platform for booking unique travel experiences hosted by locals in various destinations around the world.,Success
"A renewable energy startup focused on developing affordable, high-efficiency solar panels.",Failure
An AI-powered financial advisor that helps users manage their personal finances and investments.,Failure
An app that delivers personalized workout plans and tracks progress with AI-driven insights and recommendations.,Failure
"A subscription service that sends monthly boxes of gourmet, organic snacks from around the world.",Success
An online platform that offers coding bootcamps and tech courses with job placement support.,Failure
An AI-driven tool for content creators to optimize their social media posts for engagement and reach.,Failure
An AI-driven tool for content creators to optimize their social media posts for engagement and reach.,Success
"A renewable energy startup focused on developing affordable, high-efficiency solar panels.",Failure
A mobile app that offers on-demand home cleaning services with eco-friendly products and vetted professionals.,Success
"A digital marketplace for buying, selling, and renting vintage and second-hand fashion items.",Failure
An app that connects freelance graphic designers with clients needing custom artwork and branding services.,Failure
An app that connects freelance graphic designers with clients needing custom artwork and branding services.,Failure
"A delivery service that specializes in bringing fresh, local produce directly from farmers to consumers.",Failure
A platform for booking unique travel experiences hosted by locals in various destinations around the world.,Failure
"A marketplace for handmade, sustainable, and ethically sourced fashion and accessories.",Success
"A marketplace for handmade, sustainable, and ethically sourced fashion and accessories.",Failure
A platform that connects pet owners with pet sitters for short-term and long-term care needs.,Success
A mobile app that offers on-demand home cleaning services with eco-friendly products and vetted professionals.,Success
A platform that connects pet owners with pet sitters for short-term and long-term care needs.,Failure
A platform that connects pet owners with pet sitters for short-term and long-term care needs.,Failure
An app that delivers personalized workout plans and tracks progress with AI-driven insights and recommendations.,Failure
"A digital marketplace for buying, selling, and renting vintage and second-hand fashion items.",Success
An AI-powered financial advisor that helps users manage their personal finances and investments.,Failure
"An app that helps users learn new languages through immersive, real-life conversation practice.",Success
"A renewable energy startup focused on developing affordable, high-efficiency solar panels.",Success
A smart home device that monitors air quality and adjusts settings to optimize health and comfort.,Success
"A cloud-based software for small businesses to manage their inventory, sales, and customer relationships.",Failure
A platform for virtual concerts and live music events with interactive audience features.,Failure
"A marketplace for handmade, sustainable, and ethically sourced fashion and accessories.",Success
"A renewable energy startup focused on developing affordable, high-efficiency solar panels.",Success
"A delivery service that specializes in bringing fresh, local produce directly from farmers to consumers.",Success
An AI-driven tool for content creators to optimize their social media posts for engagement and reach.,Success
"A cloud-based software for small businesses to manage their inventory, sales, and customer relationships.",Success
"An app that helps users learn new languages through immersive, real-life conversation practice.",Success
A telehealth service providing remote mental health counseling and therapy sessions with licensed professionals.,Success
"A marketplace for handmade, sustainable, and ethically sourced fashion and accessories.",Success
"A delivery service that specializes in bringing fresh, local produce directly from farmers to consumers.",Success
A platform that connects pet owners with pet sitters for short-term and long-term care needs.,Success
A mobile app that offers on-demand home cleaning services with eco-friendly products and vetted professionals.,Failure
"A marketplace for handmade, sustainable, and ethically sourced fashion and accessories.",Failure
A platform that connects pet owners with pet sitters for short-term and long-term care needs.,Failure
A platform for booking unique travel experiences hosted by locals in various destinations around the world.,Success
An AI-driven tool for content creators to optimize their social media posts for engagement and reach.,Failure
"A renewable energy startup focused on developing affordable, high-efficiency solar panels.",Success
A smart home device that monitors air quality and adjusts settings to optimize health and comfort.,Success
An online platform that offers coding bootcamps and tech courses with job placement support.,Success
A smart home device that monitors air quality and adjusts settings to optimize health and comfort.,Success
A platform for virtual concerts and live music events with interactive audience features.,Failure
"A delivery service that specializes in bringing fresh, local produce directly from farmers to consumers.",Success
"A renewable energy startup focused on developing affordable, high-efficiency solar panels.",Failure
"A digital marketplace for buying, selling, and renting vintage and second-hand fashion items.",Success
A platform for booking unique travel experiences hosted by locals in various destinations around the world.,Failure
An AI-powered financial advisor that helps users manage their personal finances and investments.,Success
"A subscription service that sends monthly boxes of gourmet, organic snacks from around the world.",Success
An online platform that offers coding bootcamps and tech courses with job placement support.,Failure
"A delivery service that specializes in bringing fresh, local produce directly from farmers to consumers.",Success
"An app that helps users learn new languages through immersive, real-life conversation practice.",Success
A mobile app that offers on-demand home cleaning services with eco-friendly products and vetted professionals.,Success
"A meal kit delivery service that provides all ingredients and recipes for healthy, quick-to-make meals.",Failure
"A marketplace for handmade, sustainable, and ethically sourced fashion and accessories.",Success
"A cloud-based software for small businesses to manage their inventory, sales, and customer relationships.",Success
"A delivery service that specializes in bringing fresh, local produce directly from farmers to consumers.",Failure
"A marketplace for handmade, sustainable, and ethically sourced fashion and accessories.",Failure
An app that delivers personalized workout plans and tracks progress with AI-driven insights and recommendations.,Success
An AI-driven tool for content creators to optimize their social media posts for engagement and reach.,Failure
A platform for virtual concerts and live music events with interactive audience features.,Failure
An AI-driven tool for content creators to optimize their social media posts for engagement and reach.,Failure
A platform for booking unique travel experiences hosted by locals in various destinations around the world.,Failure
An app that connects freelance graphic designers with clients needing custom artwork and branding services.,Success
A platform for virtual concerts and live music events with interactive audience features.,Success
"A delivery service that specializes in bringing fresh, local produce directly from farmers to consumers.",Success
"A renewable energy startup focused on developing affordable, high-efficiency solar panels.",Failure
A platform for virtual concerts and live music events with interactive audience features.,Success
An AI-powered financial advisor that helps users manage their personal finances and investments.,Failure
An app that connects freelance graphic designers with clients needing custom artwork and branding services.,Success
A mobile app that offers on-demand home cleaning services with eco-friendly products and vetted professionals.,Success
An AI-powered financial advisor that helps users manage their personal finances and investments.,Success
"A delivery service that specializes in bringing fresh, local produce directly from farmers to consumers.",Success
A platform for virtual concerts and live music events with interactive audience features.,Failure
An AI-driven tool for content creators to optimize their social media posts for engagement and reach.,Failure
An AI-powered financial advisor that helps users manage their personal finances and investments.,Success
"A subscription service that sends monthly boxes of gourmet, organic snacks from around the world.",Success
An app that delivers personalized workout plans and tracks progress with AI-driven insights and recommendations.,Failure
"A marketplace for handmade, sustainable, and ethically sourced fashion and accessories.",Failure
"A cloud-based software for small businesses to manage their inventory, sales, and customer relationships.",Success
"A subscription service that sends monthly boxes of gourmet, organic snacks from around the world.",Failure
A platform for booking unique travel experiences hosted by locals in various destinations around the world.,Success
"A delivery service that specializes in bringing fresh, local produce directly from farmers to consumers.",Failure
A mobile app that offers on-demand home cleaning services with eco-friendly products and vetted professionals.,Success
A platform that connects pet owners with pet sitters for short-term and long-term care needs.,Success
A telehealth service providing remote mental health counseling and therapy sessions with licensed professionals.,Failure
"A meal kit delivery service that provides all ingredients and recipes for healthy, quick-to-make meals.",Success
"A digital marketplace for buying, selling, and renting vintage and second-hand fashion items.",Success
"A subscription service that sends monthly boxes of gourmet, organic snacks from around the world.",Success
An AI-driven tool for content creators to optimize their social media posts for engagement and reach.,Success
A platform that connects pet owners with pet sitters for short-term and long-term care needs.,Failure
A telehealth service providing remote mental health counseling and therapy sessions with licensed professionals.,Success
A telehealth service providing remote mental health counseling and therapy sessions with licensed professionals.,Failure
"A marketplace for handmade, sustainable, and ethically sourced fashion and accessories.",Success
"A renewable energy startup focused on developing affordable, high-efficiency solar panels.",Failure
An app that connects freelance graphic designers with clients needing custom artwork and branding services.,Failure
"A marketplace for handmade, sustainable, and ethically sourced fashion and accessories.",Success
"A cloud-based software for small businesses to manage their inventory, sales, and customer relationships.",Success
A virtual reality platform for remote team building and collaborative work environments.,Success
An app that connects freelance graphic designers with clients needing custom artwork and branding services.,Failure
"A meal kit delivery service that provides all ingredients and recipes for healthy, quick-to-make meals.",Success
A platform for virtual concerts and live music events with interactive audience features.,Success
An app that connects freelance graphic designers with clients needing custom artwork and branding services.,Failure
An app that connects freelance graphic designers with clients needing custom artwork and branding services.,Failure
A platform for booking unique travel experiences hosted by locals in various destinations around the world.,Success
"A cloud-based software for small businesses to manage their inventory, sales, and customer relationships.",Failure
"A renewable energy startup focused on developing affordable, high-efficiency solar panels.",Success
An AI-powered financial advisor that helps users manage their personal finances and investments.,Success
A platform for virtual concerts and live music events with interactive audience features.,Success
An online platform that offers coding bootcamps and tech courses with job placement support.,Failure
"A delivery service that specializes in bringing fresh, local produce directly from farmers to consumers.",Success
A platform for booking unique travel experiences hosted by locals in various destinations around the world.,Success
An app that delivers personalized workout plans and tracks progress with AI-driven insights and recommendations.,Failure
"An app that helps users learn new languages through immersive, real-life conversation practice.",Failure
"A digital marketplace for buying, selling, and renting vintage and second-hand fashion items.",Success
A platform for booking unique travel experiences hosted by locals in various destinations around the world.,Failure
"A marketplace for handmade, sustainable, and ethically sourced fashion and accessories.",Success
A platform for virtual concerts and live music events with interactive audience features.,Success
